{
  "version": 1,
  "author": "Anonymous maker",
  "editor": "wokwi",
  "parts": [
    { "type": "board-esp32-devkit-c-v4", "id": "esp", "top": 0, "left": -14.36, "attrs": {} },
    {
      "type": "wokwi-potentiometer",
      "id": "pot1",
      "top": 8.3,
      "left": -163.4,
      "attrs": { "label": "solar panels" }
    },
    {
      "type": "wokwi-potentiometer",
      "id": "pot2",
      "top": 8.3,
      "left": 172.6,
      "attrs": { "label": "load/consumption" }
    }
  ],
  "connections": [
    [ "esp:TX", "$serialMonitor:RX", "", [] ],
    [ "esp:RX", "$serialMonitor:TX", "", [] ],
    [ "pot2:GND", "esp:GND.3", "black", [ "v0" ] ],
    [ "pot1:GND", "esp:GND.3", "black", [ "v9.6", "h-57.6", "v-96", "h-38.4" ] ],
    [ "pot2:VCC", "esp:3V3", "red", [ "v0", "h56.8", "v-96", "h-9.6" ] ],
    [ "pot2:SIG", "esp:34", "green", [ "v28.8", "h76.4", "v115.2", "h-336", "v-9.6" ] ],
    [ "pot1:SIG", "esp:35", "green", [ "v19.2", "h114.8", "v0" ] ],
    [ "pot1:VCC", "esp:3V3", "red", [ "v9.6", "h56.8", "v-57.6" ] ]
  ],
  "dependencies": {}
}